{"_default": {"1": {"id": 547124518519308303, "tickets": 76.39999999999995}, "2": {"id": 403179339287363584, "tickets": 17.899999999999952}, "3": {"id": 364478898899124255, "tickets": 36.2}, "4": {"id": 872855017529417788, "tickets": 5.999999999999983}, "5": {"id": 493824841145778176, "tickets": 9.999999999999991}, "6": {"id": 248857776611131392, "tickets": 6.349999999999985}, "7": {"id": 150667493931745280, "tickets": 21.950000000000074}, "8": {"id": 643516811635326977, "tickets": 8.79999999999999}, "9": {"id": 323554000186245121, "tickets": 21.999999999999947}, "10": {"id": 736632031621939230, "tickets": 8.79999999999999}, "11": {"id": 294095479778836480, "tickets": 8.79999999999999}, "12": {"id": 771533490801737788, "tickets": 10.0}}}